pn_id,alias
4chnM3wbbk,player 20
OR_jLMiT0i,player 29
qqGBSRtKEg,player 29
wkUhRqhsU-,player 29
1o7q4fQCQL,player 72
3a0w_IatQs,player 72
LGay7r_Caq,player 72
TSZomjBthu,player 72
_UE0sv2cx-,player 72
CyPcOFIOSX,player 73
Qn68as1c0v,player 73
d_wVI8Pmtp,player 73
hwP7SzeYai,player 73
BeZA_Cf-pd,player 74
DngFA2N9IM,player 74
LN8OAUKsQW,player 74
f0SAfFfCeI,player 74
gMGloc3vRC,player 74
O8SRi7DfXR,player 75
zOuwldPLwr,player 75
ACno-8Bk83,player 76
X0-_Ov0ZGD,player 76
IGLu_03OBq,player 77
MaYThPkShU,player 77
uewFolxPCK,player 77
p8jIhwtZjL,player 78
